No. de clase,Descripción del programa
008784,Maestría en Dirección de Instituciones Educativas
001046,Maestría en Comunicaciones de Marca
011559,Maestría en Comunicaciones de Marca
001047,Maestría en Comunicaciones de Marca
011557,Maestría en Comunicaciones de Marca
010925,Maestría en Comunicaciones de Marca
012136,Maestría en Comunicaciones de Marca
010924,Maestría en Comunicaciones de Marca
011554,Maestría en Comunicaciones de Marca
010921,Maestría en Comunicaciones de Marca
011556,Maestría en Comunicaciones de Marca
001045,Maestría en Comunicaciones de Marca
010923,Maestría en Comunicaciones de Marca
011563,Maestría en Comunicaciones de Marca
011548,Especialidad en Relaciones Públicas y Reputación de Marca
011550,Especialidad en Relaciones Públicas y Reputación de Marca
011549,Especialidad en Relaciones Públicas y Reputación de Marca
011545,Especialidad en Relaciones Públicas y Reputación de Marca
011547,Especialidad en Relaciones Públicas y Reputación de Marca
010912,Especialidad en Publicidad y Creación de Contenidos
001038,Especialidad en Publicidad y Creación de Contenidos
001037,Especialidad en Publicidad y Creación de Contenidos
001036,Especialidad en Publicidad y Creación de Contenidos
001375,Maestría en Dirección del Capital Humano
001360,Maestría en Dirección del Capital Humano
001376,Maestría en Dirección del Capital Humano
012071,Maestría en Dirección del Capital Humano
001365,Maestría en Dirección del Capital Humano
001369,Maestría en Dirección del Capital Humano
001371,Maestría en Dirección del Capital Humano
001377,Maestría en Dirección del Capital Humano
001361,Maestría en Dirección del Capital Humano
001368,Maestría en Dirección del Capital Humano
001387,Maestría en Dirección del Capital Humano
012072,Maestría en Dirección del Capital Humano
001362,Maestría en Dirección del Capital Humano
001098,Maestría en Narrativa y Producción
001097,Maestría en Narrativa y Producción
001159,Maestría en Narrativa y Producción
001160,Maestría en Narrativa y Producción
001158,Maestría en Narrativa y Producción
001157,Maestría en Narrativa y Producción
001105,Maestría en Comunicación Política y Pública
001104,Maestría en Comunicación Política y Pública
001103,Maestría en Comunicación Política y Pública
001175,Maestría en Comunicación Política y Pública
001173,Maestría en Comunicación Política y Pública
001172,Maestría en Comunicación Política y Pública
001171,Maestría en Comunicación Política y Pública
009934,Maestría en Comunicación Institucional
001118,Maestría en Comunicación Institucional
001116,Maestría en Comunicación Institucional
001120,Maestría en Comunicación Institucional
001165,Maestría en Comunicación Institucional
001119,Maestría en Comunicación Institucional
001163,Maestría en Comunicación Institucional
001164,Maestría en Comunicación Institucional
001105,Maestría en Mercadotecnia Estratégica
001107,Maestría en Mercadotecnia Estratégica
001098,Maestría en Mercadotecnia Estratégica
001104,Maestría en Mercadotecnia Estratégica
001102,Maestría en Mercadotecnia Estratégica
001099,Maestría en Mercadotecnia Estratégica
001088,Maestría en Mercadotecnia Estratégica
001086,Maestría en Mercadotecnia Estratégica
001097,Maestría en Mercadotecnia Estratégica
001100,Maestría en Mercadotecnia Estratégica
001081,Maestría en Mercadotecnia Estratégica
001096,Maestría en Mercadotecnia Estratégica
001093,Maestría en Mercadotecnia Estratégica
001225,Maestría en Mercadotecnia Estratégica
001226,Maestría en Mercadotecnia Estratégica
001227,Maestría en Mercadotecnia Estratégica
001228,Maestría en Mercadotecnia Estratégica
001216,Maestría en Mercadotecnia Estratégica
001215,Maestría en Mercadotecnia Estratégica
001214,Maestría en Mercadotecnia Estratégica
001213,Maestría en Mercadotecnia Estratégica
001163,Maestría en Negocios Internacionales
001164,Maestría en Negocios Internacionales
001161,Maestría en Negocios Internacionales
001108,Maestría en Negocios Internacionales
001106,Maestría en Negocios Internacionales
001103,Maestría en Negocios Internacionales
001165,Maestría en Negocios Internacionales
001109,Maestría en Negocios Internacionales
001101,Maestría en Negocios Internacionales
001156,Maestría en Impuestos
001154,Maestría en Impuestos
001160,Maestría en Impuestos
001147,Maestría en Impuestos
001151,Maestría en Impuestos
001152,Maestría en Impuestos
001133,Maestría en Impuestos
001132,Maestría en Impuestos
001149,Maestría en Impuestos
001150,Maestría en Impuestos
001130,Maestría en Impuestos
001131,Maestría en Impuestos
001146,Maestría en Impuestos
001148,Maestría en Impuestos
001222,Maestría en Impuestos
001128,Maestría en Impuestos
001223,Maestría en Impuestos
001224,Maestría en Impuestos
001212,Maestría en Impuestos
001211,Maestría en Impuestos
001129,Maestría en Impuestos
001210,Maestría en Impuestos
001127,Maestría en Finanzas
001126,Maestría en Finanzas
001117,Maestría en Finanzas
001116,Maestría en Finanzas
001125,Maestría en Finanzas
001124,Maestría en Finanzas
001114,Maestría en Finanzas
001115,Maestría en Finanzas
001123,Maestría en Finanzas
001122,Maestría en Finanzas
001112,Maestría en Finanzas
001113,Maestría en Finanzas
001121,Maestría en Finanzas
001120,Maestría en Finanzas
001118,Maestría en Finanzas
001221,Maestría en Finanzas
001173,Maestría en Finanzas
001175,Maestría en Finanzas
001171,Maestría en Finanzas
001170,Maestría en Finanzas
001209,Maestría en Finanzas
001119,Maestría en Finanzas
001166,Maestría en Administración de Proyectos
001167,Maestría en Administración de Proyectos
001168,Maestría en Administración de Proyectos
001094,Maestría en Administración de Proyectos
001290,Maestría en Administración de Proyectos
001095,Maestría en Administración de Proyectos
001289,Maestría en Administración de Proyectos
001085,Maestría en Administración de Proyectos
001090,Maestría en Administración de Proyectos
001082,Maestría en Administración de Proyectos
001092,Maestría en Administración de Proyectos
001083,Maestría en Administración de Proyectos
001084,Maestría en Administración de Proyectos
001089,Maestría en Administración de Proyectos
001087,Maestría en Administración de Proyectos
001229,Maestría en Administración de Proyectos
001230,Maestría en Administración de Proyectos
1231,Maestría en Administración de Proyectos
1232,Maestría en Administración de Proyectos
1220,Maestría en Administración de Proyectos
1219,Maestría en Administración de Proyectos
1218,Maestría en Administración de Proyectos
1217,Maestría en Administración de Proyectos
1291,Doctorado en Ciencias Empresariales
1288,Doctorado en Ciencias Empresariales
1293,Doctorado en Ciencias Empresariales
1176,Doctorado en Ciencias Empresariales
1177,Doctorado en Ciencias Empresariales
1178,Doctorado en Ciencias Empresariales
1518,Maestría en Derecho Laboral
1334,Maestría en Derecho Laboral
1332,Maestría en Derecho Laboral
1330,Maestría en Derecho Laboral
1284,Maestría en Derecho Laboral
1278,Maestría en Derecho Laboral
11933,Maestría en Gestión de las Artes y Políticas Culturales
11946,Maestría en Gestión de las Artes y Políticas Culturales
11930,Maestría en Gestión de las Artes y Políticas Culturales
11931,Maestría en Gestión de las Artes y Políticas Culturales
11940,Maestría en Gestión de las Artes y Políticas Culturales
11928,Maestría en Gestión de las Artes y Políticas Culturales
11953,Maestría en Gestión de las Artes y Políticas Culturales
11954,Maestría en Gestión de las Artes y Políticas Culturales
11951,Maestría en Gestión de las Artes y Políticas Culturales
11952,Maestría en Gestión de las Artes y Políticas Culturales
11956,Maestría en Gestión de las Artes y Políticas Culturales
11955,Maestría en Gestión de las Artes y Políticas Culturales
10733,Maestría en Gobierno y Políticas Públicas
10654,Maestría en Gobierno y Políticas Públicas
10653,Maestría en Gobierno y Políticas Públicas
2688,Maestría Internacional en Finanzas
1007,Maestría Internacional en Finanzas
1015,Maestría Internacional en Finanzas
1008,Maestría Internacional en Finanzas
1002,Maestría Internacional en Finanzas
1016,Maestría Internacional en Finanzas
2816,Maestría Internacional en Finanzas
2817,Maestría Internacional en Finanzas
1010,Maestría Internacional en Finanzas
2815,Maestría Internacional en Finanzas
1006,Maestría Internacional en Finanzas
1012,Maestría Internacional en Finanzas
1357,Doctorado en Bioética
1358,Doctorado en Bioética
1359,Doctorado en Bioética
1598,Maestría en Ciencia de Datos
1506,Maestría en Ciencia de Datos
1536,Maestría en Ciencia de Datos
1417,Maestría en Ciencia de Datos
1476,Maestría en Ciencia de Datos
1493,Maestría en Ciencia de Datos
1591,Maestría en Ciencia de Datos
1858,Maestría en Ciencia de Datos
1516,Maestría en Ciencia de Datos
1611,Maestría en Ciencia de Datos
1424,Maestría en Ciencia de Datos
1774,Maestría en Ciencia de Datos
1799,Maestría en Ciencia de Datos
1802,Maestría en Ciencia de Datos
1859,Maestría en Ciencia de Datos
1796,Maestría en Ciencia de Datos
1798,Maestría en Ciencia de Datos
1801,Maestría en Ciencia de Datos
1855,Maestría en Ciencia de Datos
1856,Maestría en Ciencia de Datos
1803,Maestría en Ciencia de Datos
1797,Maestría en Ciencia de Datos
1857,Maestría en Ciencia de Datos
1800,Maestría en Ciencia de Datos
1795,Maestría en Ciencia de Datos
1775,Maestría en Ciencia de Datos
1689,Maestría en Ciencia de Datos
1794,Maestría en Ciencia de Datos
1455,Especialidad en Gestión de Eventos
6653,Especialidad en Gestión de Eventos
6652,Especialidad en Gestión de Eventos
1388,Especialidad en Gestión de Eventos
6651,Especialidad en Gestión de Eventos
1448,Especialidad en Gestión de Eventos
1386,Especialidad en Gestión de Eventos
1384,Especialidad en Gestión de Eventos
1235,Especialidad en Emprendedores de Negocios de Alimentos y Bebidas
1378,Especialidad en Emprendedores de Negocios de Alimentos y Bebidas
1374,Especialidad en Emprendedores de Negocios de Alimentos y Bebidas
1599,Especialidad en Ingeniería y Gestión Ambiental
1455,Especialidad en Ingeniería y Gestión Ambiental
1625,Especialidad en Ingeniería y Gestión Ambiental
1495,Especialidad en Ingeniería y Gestión Ambiental
1593,Especialidad en Ingeniería y Gestión Ambiental
1511,Especialidad en Ingeniería y Gestión Ambiental
1606,Especialidad en Ingeniería y Gestión Ambiental
1419,Especialidad en Ingeniería y Gestión Ambiental
1402,Especialidad en Ingeniería y Gestión Ambiental
1461,Especialidad en Ingeniería y Gestión Ambiental
1531,Especialidad en Ingeniería y Gestión Ambiental
1443,Especialidad en Ingeniería y Gestión Ambiental
1467,Especialidad en Ingeniería y Gestión Ambiental
1449,Especialidad en Ingeniería y Gestión Ambiental
1501,Especialidad en Ingeniería y Gestión Ambiental
1538,Especialidad en Ingeniería y Gestión Ambiental
1412,Especialidad en Ingeniería y Gestión Ambiental
1473,Especialidad en Ingeniería y Gestión Ambiental
1587,Especialidad en Ingeniería y Gestión Ambiental
1566,Especialidad en Ingeniería y Gestión Ambiental
1436,Especialidad en Ingeniería y Gestión Ambiental
1479,Especialidad en Ingeniería y Gestión Ambiental
10439,Maestría en Dirección de Instituciones de Salud
10438,Maestría en Dirección de Instituciones de Salud
10433,Maestría en Dirección de Instituciones de Salud
10950,Maestría en Dirección de Instituciones de Salud
10949,Maestría en Dirección de Instituciones de Salud
10418,Maestría en Dirección de Instituciones de Salud
10947,Maestría en Dirección de Instituciones de Salud
10948,Maestría en Dirección de Instituciones de Salud
11609,Maestría en Anticorrupción
11599,Maestría en Anticorrupción
11614,Maestría en Anticorrupción
11608,Maestría en Anticorrupción
1582,Doctorado en Ciencias Empresariales
1136,Doctorado en Ciencias Empresariales
1583,Doctorado en Ciencias Empresariales
1585,Doctorado en Ciencias Empresariales
1586,Doctorado en Ciencias Empresariales
1137,Doctorado en Ciencias Empresariales
1140,Doctorado en Ciencias Empresariales
1139,Doctorado en Ciencias Empresariales
1157,Doctorado en Ciencias Empresariales
1141,Doctorado en Ciencias Empresariales
1158,Doctorado en Ciencias Empresariales
1559,Maestría en Ingeniería y Gestión de la Cadena de Suministro
1483,Maestría en Ingeniería y Gestión de la Cadena de Suministro
1433,Maestría en Ingeniería y Gestión de la Cadena de Suministro
1549,Maestría en Ingeniería y Gestión de la Cadena de Suministro
1554,Maestría en Ingeniería y Gestión de la Cadena de Suministro
1427,Maestría en Ingeniería y Gestión de la Cadena de Suministro
1492,Maestría en Ingeniería y Gestión de la Cadena de Suministro
1430,Maestría en Ingeniería y Gestión de la Cadena de Suministro
1519,Maestría en Ingeniería y Gestión de la Cadena de Suministro
1527,Maestría en Ingeniería y Gestión de la Cadena de Suministro
1620,Maestría en Ingeniería y Gestión de la Cadena de Suministro
1525,Maestría en Ingeniería y Gestión de la Cadena de Suministro
1612,Maestría en Ingeniería y Gestión de la Cadena de Suministro
1507,Maestría en Ingeniería y Gestión de la Cadena de Suministro
1617,Maestría en Ingeniería y Gestión de la Cadena de Suministro
1588,Especialidad en Robótica y Manufactura
1565,Especialidad en Robótica y Manufactura
1489,Especialidad en Robótica y Manufactura
1441,Especialidad en Robótica y Manufactura
1437,Maestría en Ingeniería
1567,Maestría en Ingeniería
1480,Maestría en Ingeniería
1484,Maestría en Ingeniería
1560,Maestría en Ingeniería
1438,Maestría en Ingeniería
1564,Maestría en Ingeniería
1488,Maestría en Ingeniería
1440,Maestría en Ingeniería
1408,Maestría en Ingeniería
1410,Maestría en Ingeniería
1487,Maestría en Ingeniería
1544,Maestría en Ingeniería
1546,Maestría en Ingeniería
1552,Maestría en Ingeniería
1435,Maestría en Ingeniería
1521,Maestría en Ingeniería
1523,Maestría en Ingeniería
1558,Maestría en Ingeniería
1482,Maestría en Ingeniería
1432,Maestría en Ingeniería
1550,Maestría en Ingeniería
1555,Maestría en Ingeniería
1426,Maestría en Ingeniería
1491,Maestría en Ingeniería
1429,Maestría en Ingeniería
1518,Maestría en Ingeniería
1528,Maestría en Ingeniería
1621,Maestría en Ingeniería
1524,Maestría en Ingeniería
1613,Maestría en Ingeniería
1508,Maestría en Ingeniería
1618,Maestría en Ingeniería
1590,Especialidad en Simuladores Gráficos
1485,Especialidad en Simuladores Gráficos
1561,Especialidad en Simuladores Gráficos
1439,Especialidad en Simuladores Gráficos
1589,Especialidad en Logística Internacional
1572,Especialidad en Logística Internacional
1556,Especialidad en Logística Internacional
1481,Especialidad en Logística Internacional
1431,Especialidad en Logística Internacional
1569,Especialidad en Ingeniería y Gestión de Proyectos
1616,Especialidad en Ingeniería y Gestión de Proyectos
1571,Especialidad en Ingeniería y Gestión de Proyectos
1407,Especialidad en Ingeniería y Gestión de Proyectos
1409,Especialidad en Ingeniería y Gestión de Proyectos
1486,Especialidad en Ingeniería y Gestión de Proyectos
1543,Especialidad en Ingeniería y Gestión de Proyectos
1545,Especialidad en Ingeniería y Gestión de Proyectos
1551,Especialidad en Ingeniería y Gestión de Proyectos
1434,Especialidad en Ingeniería y Gestión de Proyectos
1520,Especialidad en Ingeniería y Gestión de Proyectos
1522,Especialidad en Ingeniería y Gestión de Proyectos
1604,Especialidad en Dirección de Operaciones
1600,Especialidad en Ingeniería y Gestión de Proyectos
1601,Especialidad en Logística Internacional
1602,Especialidad en Robótica y Manufactura
1603,Especialidad en Simuladores Gráficos
1454,Especialidad en Dirección de Operaciones
1456,Especialidad en Ingeniería y Gestión de Proyectos
1457,Especialidad en Logística Internacional
1458,Especialidad en Robótica y Manufactura
1459,Especialidad en Simuladores Gráficos
1624,Especialidad en Dirección de Operaciones
1626,Especialidad en Ingeniería y Gestión de Proyectos
1627,Especialidad en Logística Internacional
1623,Especialidad en Robótica y Manufactura
1628,Especialidad en Simuladores Gráficos
1494,Especialidad en Dirección de Operaciones
1496,Especialidad en Ingeniería y Gestión de Proyectos
1497,Especialidad en Logística Internacional
1498,Especialidad en Robótica y Manufactura
1499,Especialidad en Simuladores Gráficos
1592,Especialidad en Dirección de Operaciones
1594,Especialidad en Ingeniería y Gestión de Proyectos
1595,Especialidad en Logística Internacional
1596,Especialidad en Robótica y Manufactura
1597,Especialidad en Simuladores Gráficos
1510,Especialidad en Dirección de Operaciones
1512,Especialidad en Ingeniería y Gestión de Proyectos
1513,Especialidad en Logística Internacional
1514,Especialidad en Robótica y Manufactura
1515,Especialidad en Simuladores Gráficos
1605,Especialidad en Dirección de Operaciones
1607,Especialidad en Ingeniería y Gestión de Proyectos
1608,Especialidad en Logística Internacional
1609,Especialidad en Robótica y Manufactura
1610,Especialidad en Simuladores Gráficos
1418,Especialidad en Dirección de Operaciones
1420,Especialidad en Ingeniería y Gestión de Proyectos
1421,Especialidad en Logística Internacional
1422,Especialidad en Robótica y Manufactura
1423,Especialidad en Simuladores Gráficos
1401,Especialidad en Dirección de Operaciones
1403,Especialidad en Ingeniería y Gestión de Proyectos
1404,Especialidad en Logística Internacional
1405,Especialidad en Robótica y Manufactura
1406,Especialidad en Simuladores Gráficos
1460,Especialidad en Dirección de Operaciones
1462,Especialidad en Ingeniería y Gestión de Proyectos
1463,Especialidad en Logística Internacional
1464,Especialidad en Robótica y Manufactura
1465,Especialidad en Simuladores Gráficos
1530,Especialidad en Dirección de Operaciones
1532,Especialidad en Ingeniería y Gestión de Proyectos
1533,Especialidad en Logística Internacional
1534,Especialidad en Robótica y Manufactura
1535,Especialidad en Simuladores Gráficos
1442,Especialidad en Dirección de Operaciones
1444,Especialidad en Ingeniería y Gestión de Proyectos
1445,Especialidad en Logística Internacional
1446,Especialidad en Robótica y Manufactura
1447,Especialidad en Simuladores Gráficos
1466,Especialidad en Dirección de Operaciones
1468,Especialidad en Ingeniería y Gestión de Proyectos
1469,Especialidad en Logística Internacional
1470,Especialidad en Robótica y Manufactura
1471,Especialidad en Simuladores Gráficos
1448,Especialidad en Dirección de Operaciones
1450,Especialidad en Ingeniería y Gestión de Proyectos
1451,Especialidad en Logística Internacional
1452,Especialidad en Robótica y Manufactura
1453,Especialidad en Simuladores Gráficos
1500,Especialidad en Dirección de Operaciones
1502,Especialidad en Ingeniería y Gestión de Proyectos
1503,Especialidad en Logística Internacional
1504,Especialidad en Robótica y Manufactura
1505,Especialidad en Simuladores Gráficos
1537,Especialidad en Dirección de Operaciones
1539,Especialidad en Ingeniería y Gestión de Proyectos
1540,Especialidad en Logística Internacional
1541,Especialidad en Robótica y Manufactura
1542,Especialidad en Simuladores Gráficos
1411,Especialidad en Dirección de Operaciones
1413,Especialidad en Ingeniería y Gestión de Proyectos
1414,Especialidad en Logística Internacional
1415,Especialidad en Robótica y Manufactura
1416,Especialidad en Simuladores Gráficos
1472,Especialidad en Dirección de Operaciones
1474,Especialidad en Ingeniería y Gestión de Proyectos
1475,Especialidad en Logística Internacional
1477,Especialidad en Robótica y Manufactura
1478,Especialidad en Simuladores Gráficos
1615,Especialidad en Dirección de Operaciones
1568,Especialidad en Dirección de Operaciones
1570,Especialidad en Dirección de Operaciones
1548,Especialidad en Dirección de Operaciones
1553,Especialidad en Dirección de Operaciones
1425,Especialidad en Dirección de Operaciones
1490,Especialidad en Dirección de Operaciones
1428,Especialidad en Dirección de Operaciones
1517,Especialidad en Dirección de Operaciones
1143,Maestría en Bioética
1142,Maestría en Bioética
1138,Maestría en Bioética
1135,Maestría en Bioética
1111,Maestría en Bioética
1110,Maestría en Bioética
1295,Especialidad en Psicología Clínica y Salud
1346,Especialidad en Psicología Clínica y Salud
1294,Especialidad en Psicología Clínica y Salud
1339,Especialidad en Psicología Clínica y Salud
1320,Especialidad en Psicología Clínica y Salud
1347,Especialidad en Psicología Clínica y Salud
1292,Especialidad en Psicología Clínica y Salud
1321,Especialidad en Psicología Clínica y Salud
1319,Especialidad en Psicología Clínica y Salud
1297,Especialidad en Psicología Clínica y Salud
1041,Maestría en Instituciones de Derecho Financiero
1040,Maestría en Instituciones de Derecho Financiero
1307,Maestría en Instituciones de Derecho Financiero
1306,Maestría en Instituciones de Derecho Financiero
1305,Maestría en Instituciones de Derecho Financiero
1304,Maestría en Instituciones de Derecho Financiero
1584,Maestría en Historia del Pensamiento
1579,Maestría en Historia del Pensamiento
1581,Maestría en Historia del Pensamiento
1577,Maestría en Historia del Pensamiento
1580,Maestría en Historia del Pensamiento
1574,Maestría en Historia del Pensamiento
1265,Especialidad en Neuropsicología
1264,Especialidad en Neuropsicología
1191,Especialidad en Neuropsicología
1269,Especialidad en Neuropsicología
1326,Especialidad en Neuropsicología
1267,Especialidad en Neuropsicología
1395,Maestría en Filosofía Antigua
1397,Maestría en Filosofía Antigua
1400,Maestría en Filosofía Antigua
1399,Maestría en Filosofía Antigua
1398,Maestría en Filosofía Antigua
1396,Maestría en Filosofía Antigua
7869,Especialidad en Antropología Filosófica
7868,Especialidad en Antropología Filosófica
7867,Especialidad en Antropología Filosófica
1277,Especialidad en Psicología Organizacional
1276,Especialidad en Psicología Organizacional
1275,Especialidad en Psicología Organizacional
1287,Especialidad en Psicología Organizacional
1286,Especialidad en Psicología Organizacional
1279,Especialidad en Psicología Organizacional
8785,Maestría en Dirección de Instituciones Educativas
1194,Maestría en Neuropsicología y Educación
1193,Maestría en Neuropsicología y Educación
1174,Maestría en Neuropsicología y Educación
1172,Maestría en Neuropsicología y Educación
1192,Maestría en Neuropsicología y Educación
1257,Maestría en Neuropsicología y Educación
1208,Maestría en Neuropsicología y Educación
1254,Maestría en Neuropsicología y Educación
1441,Especialidad en Desarrollo del Talento Humano
1648,Maestría en Derecho Constitucional y Derechos Humanos
1649,Maestría en Derecho Constitucional y Derechos Humanos
1647,Maestría en Derecho Constitucional y Derechos Humanos
1162,Maestría en Derecho Constitucional y Derechos Humanos
1159,Maestría en Derecho Constitucional y Derechos Humanos
1145,Maestría en Derecho Constitucional y Derechos Humanos
1153,Maestría en Derecho Constitucional y Derechos Humanos
1467,Maestría en Derecho de la Empresa
1005,Maestría en Derecho de la Empresa
1274,Maestría en Derecho de la Empresa
1004,Maestría en Derecho de la Empresa
1465,Maestría en Derecho de la Empresa
1003,Maestría en Derecho de la Empresa
1463,Maestría en Derecho de la Empresa
1266,Maestría en Derecho de la Empresa
1262,Maestría en Derecho de la Empresa
1578,Maestría en Derecho Procesal Constitucional
1324,Maestría en Derecho Procesal Constitucional
1322,Maestría en Derecho Procesal Constitucional
1323,Maestría en Derecho Procesal Constitucional
1325,Maestría en Derecho Procesal Constitucional
1298,Maestría en Derecho Fiscal
1296,Maestría en Derecho Fiscal
1281,Maestría en Derecho Fiscal
1280,Maestría en Derecho Fiscal
1340,Maestría en Derecho Administrativo
1342,Maestría en Derecho Administrativo
1343,Maestría en Derecho Administrativo
1341,Maestría en Derecho Administrativo
1328,Maestría en Derecho Administrativo
1327,Maestría en Derecho Administrativo
1557,Doctorado en Derecho
1547,Doctorado en Derecho
1233,Doctorado en Derecho
1207,Maestría en Ciencias Jurídicas
1203,Maestría en Ciencias Jurídicas
1200,Maestría en Ciencias Jurídicas
1198,Maestría en Ciencias Jurídicas
1197,Maestría en Ciencias Jurídicas
1196,Maestría en Ciencias Jurídicas
11723,Maestría en Gestión y Operación de establecimiento de Alimentos y Bebidas
1529,Maestría en Dirección de Operaciones
1622,Maestría en Dirección de Operaciones
1526,Maestría en Dirección de Operaciones
1614,Maestría en Dirección de Operaciones
1509,Maestría en Dirección de Operaciones
1619,Maestría en Dirección de Operaciones
5587,Doctorado en Historia del pensamiento
5585,Doctorado en Historia del pensamiento
5583,Doctorado en Historia del pensamiento
5582,Doctorado en Historia del pensamiento
11691,Maestría en Relaciones Públicas y Gestión de eventos
11688,Maestría en Relaciones Públicas y Gestión de eventos
11539,Esp. en Publicidad y Relaciones Públicas
1366,"Maestría en Terapia de Heridas, Estomas y Quemaduras"
1363,"Maestría en Terapia de Heridas, Estomas y Quemaduras"
1364,"Maestría en Terapia de Heridas, Estomas y Quemaduras"
1180,"Maestría en Terapia de Heridas, Estomas y Quemaduras"
1179,"Maestría en Terapia de Heridas, Estomas y Quemaduras"
1189,"Especialidad en Terapia de Heridas, Estomas y Quemaduras"
1187,"Especialidad en Terapia de Heridas, Estomas y Quemaduras"
1188,"Especialidad en Terapia de Heridas, Estomas y Quemaduras"
1185,"Especialidad en Terapia de Heridas, Estomas y Quemaduras"
1183,"Especialidad en Terapia de Heridas, Estomas y Quemaduras"
10826,Doctorado en Derecho
1080,Especialidad en Derecho Procesal Civil y Mercantil
1068,Especialidad en Derecho Procesal Civil y Mercantil
1067,Especialidad en Derecho Procesal Civil y Mercantil
1066,Especialidad en Derecho Procesal Civil y Mercantil
1065,Especialidad en Derecho Procesal Civil y Mercantil
1064,Especialidad en Derecho Procesal Civil y Mercantil
1063,Especialidad en Derecho Procesal Civil y Mercantil
1141,Especialidad en Derecho de Amparo
1140,Especialidad en Derecho de Amparo
1139,Especialidad en Derecho de Amparo
1138,Especialidad en Derecho de Amparo
1137,Especialidad en Derecho de Amparo
1136,Especialidad en Derecho de Amparo
1243,Especialidad en Derecho de Amparo
1153,Especialidad en Instituciones de Derecho Mercantil
1152,Especialidad en Instituciones de Derecho Mercantil
1151,Especialidad en Instituciones de Derecho Mercantil
1242,Especialidad en Derecho de Amparo
1241,Especialidad en Derecho de Amparo
1240,Especialidad en Derecho de Amparo
1239,Especialidad en Derecho de Amparo
1237,Especialidad en Derecho de Amparo
1236,Especialidad en Derecho de Amparo